Feature,Importance
CNT_FAM_MEMBERS,0.005804402069117326
FLAG_OWN_CAR,0.0035934527750895702
AGE_YEARS,0.0035115013052594373
FLAG_OWN_REALTY,0.003110320665120797
NAME_FAMILY_STATUS,0.002656192158157783
NAME_EDUCATION_TYPE,0.0016663007708192124
CNT_CHILDREN,0.0016532819857809744
CODE_GENDER,0.0014413524809901378
INCOME_LOG,0.0010558619217453519
NAME_INCOME_TYPE,0.0008364140649943841
FLAG_PHONE,0.0002565961466850342
FLAG_MOBIL,0.0
OCCUPATION_TYPE,-0.00035201236993103737
EMPLOYED_YEARS,-0.0005924843572422678
NAME_HOUSING_TYPE,-0.0007343159774658659
FLAG_WORK_PHONE,-0.0008163664482491561
INCOME_PER_FAMILY,-0.0010586888417741303
FLAG_EMAIL,-0.0031791490673168167
